fold,n_train_samples,n_test_samples,mse,rmse,mae,r2,explained_variance,train_mse,train_rmse,train_r2,mape
1,4891,4891,1.3652726707798328,1.1684488310490249,0.8969364066946619,0.524558175889444,0.5245903291226304,0.8826642100717665,0.9395021075398217,0.6962724387215702,inf
2,9782,4891,1.27938144051343,1.131097449609639,0.8708191380459618,0.5388609603027358,0.5389875424260399,1.0707341303389466,1.0347628377260882,0.6294422656599135,inf
3,14673,4891,1.2265170697695784,1.1074823112671275,0.8534175895209316,0.5637319599243367,0.5642067964114782,1.1148988440317051,1.055887704271484,0.6090428630713094,inf
4,19564,4891,1.242054547737846,1.1144750099207457,0.8572997365967947,0.5496735848454475,0.5497897000484671,1.1227982114260815,1.059621730348185,0.6049327314657629,inf
5,24455,4891,1.2702877110398727,1.1270704108616607,0.8607583201880313,0.5703083620998288,0.5705402585811523,1.1296283149761528,1.0628397409657548,0.6002394815997857,inf
