fold,n_train_samples,n_test_samples,mse,rmse,mae,r2,explained_variance,train_mse,train_rmse,train_r2,mape
1,2090,2085,1.8807805076164206,1.3714155123872636,1.073562964032308,0.30673511982364243,0.3400511067567389,0.5272188444459425,0.7260983710530843,0.8146045358960716,inf
2,4175,2085,1.26109366522988,1.1229842675789719,0.8486955806318162,0.579849970974918,0.5814825756154961,0.8244545900133485,0.9079948182745035,0.7037867211269464,inf
3,6260,2085,1.3590415692872648,1.1657793827681397,0.8996213117967263,0.5377611618410479,0.5392138587370259,0.8978542104467934,0.9475516927570724,0.687238230998195,inf
4,8345,2085,1.5543493139841993,1.2467354627121983,0.9896415499224366,0.46535045964065014,0.4653598171424468,0.9676931144095211,0.9837139393184998,0.6653317871633818,inf
5,10430,2085,1.1704658730979625,1.0818807111220545,0.810495083067986,0.6177538721202553,0.6177780482419495,1.0613736158924902,1.0302298849734899,0.6333859476942594,inf
